# Weather station Moscow, Russia, WMO_ID=27612,selection from 21.03.2020 till 21.03.2020, all days
# Encoding: UTF-8
# The data is provided by the website "Reliable Prognosis", rp5.ru
# If you use the data, please indicate the name of the website.
# For meteorological parameters see the address http://rp5.ru/archive.php?wmo_id=27612&lang=en
#
"Local time in Moscow";"T";"Po";"P";"Pa";"U";"DD";"Ff";"ff10";"ff3";"N";"WW";"W1";"W2";"Tn";"Tx";"Cl";"Nh";"H";"Cm";"Ch";"VV";"Td";"RRR";"tR";"E";"Tg";"E'";"sss"
"21.03.2020 21:00";"-2.1";"753.7";"768.9";"1.8";"45";"Wind blowing from the east-northeast";"2";"";"";"70 – 80%.";" ";"";"";"";"1.2";"Stratocumulus other than Stratocumulus cumulogenitus.";"70 – 80%.";"1000-1500";"No Altocumulus, Altostratus or Nimbostratus.";"No Cirrus, Cirrocumulus or Cirrostratus.";"";"-12.6";"No precipitation";"12";"";"";"";"";
"21.03.2020 18:00";"-1.0";"751.9";"766.9";"1.2";"46";"Wind blowing from the north-northeast";"2";"";"";"90  or more, but not 100%";" ";"";"";"";"";"Stratocumulus other than Stratocumulus cumulogenitus.";"90  or more, but not 100%";"600-1000";"No Altocumulus, Altostratus or Nimbostratus.";"No Cirrus, Cirrocumulus or Cirrostratus.";"10.0";"-11.3";"No precipitation";"12";"";"";"";"";
"21.03.2020 15:00";"0.2";"750.7";"765.7";"0.5";"43";"Wind blowing from the north";"3";"";"";"90  or more, but not 100%";" ";"";"";"";"";"Stratocumulus other than Stratocumulus cumulogenitus.";"90  or more, but not 100%";"600-1000";"No Altocumulus, Altostratus or Nimbostratus.";"No Cirrus, Cirrocumulus or Cirrostratus.";"10.0";"-11.1";"";"";"";"";"";"";
"21.03.2020 12:00";"-0.8";"750.2";"765.2";"0.7";"49";"Wind blowing from the north-northeast";"3";"";"";"70 – 80%.";" ";"";"";"";"";"Stratocumulus cumulogenitus.";"70 – 80%.";"600-1000";"No Altocumulus, Altostratus or Nimbostratus.";"No Cirrus, Cirrocumulus or Cirrostratus.";"10.0";"-10.3";"";"";"";"";"";"";
"21.03.2020 09:00";"-1.3";"749.5";"764.5";"1.0";"64";"Wind blowing from the north-east";"2";"";"";"50%.";" ";"";"";"-2.4";"";"Cumulus and Stratocumulus other than Stratocumulus cumulogenitus, with bases at different levels.";"50%.";"600-1000";"No Altocumulus, Altostratus or Nimbostratus.";"No Cirrus, Cirrocumulus or Cirrostratus.";"10.0";"-7.3";"No precipitation";"12";"";"";"";"";
"21.03.2020 06:00";"-1.0";"748.5";"763.4";"0.8";"73";"Wind blowing from the north-northeast";"2";"";"";"70 – 80%.";" ";"";"";"-1.0";"";"Stratocumulus other than Stratocumulus cumulogenitus.";"70 – 80%.";"600-1000";"No Altocumulus, Altostratus or Nimbostratus.";"No Cirrus, Cirrocumulus or Cirrostratus.";"";"-5.3";"No precipitation";"12";"";"";"";"";
"21.03.2020 03:00";"0.6";"747.7";"762.5";"0.3";"86";"Wind blowing from the north";"2";"";"";"100%.";"Mist. ";"Cloud covering more than 1/2 of the sky during part of the appropriate period and covering 1/2 or less during part of the period.";"Cloud covering more than 1/2 of the sky during part of the appropriate period and covering 1/2 or less during part of the period.";"";"";"Stratocumulus other than Stratocumulus cumulogenitus.";"100%.";"600-1000";"";"";"";"-1.5";"";"";"";"";"";"";
"21.03.2020 00:00";"1.4";"747.4";"762.2";"0.0";"85";"Wind blowing from the north-northwest";"2";"";"";"100%.";"Mist. ";"Cloud covering more than 1/2 of the sky during part of the appropriate period and covering 1/2 or less during part of the period.";"Cloud covering more than 1/2 of the sky during part of the appropriate period and covering 1/2 or less during part of the period.";"";"";"Stratocumulus other than Stratocumulus cumulogenitus.";"100%.";"600-1000";"";"";"";"-0.9";"";"";"";"";"";"";
